label,tag_psb,token_t,subroots,gender,occupation,level_edu
100000,"{""手机壳"":""0.18510178"",""iPhone"":""0.18549353"",""爱护手机"":""0.18573008""}","{""^!手机"":""1"",""全包"":""1"",""潮牌"":""1"",""IPHONE"":""1"",""保护套"":""1"",""PLUS"":""1"",""手机壳"":""1"",""硬壳"":""1"",""苹果"":""1""}",NULL,女性,NULL,高中
60000,"{""个子不高"":""0.1182706096485268"",""休闲风"":""0.1182845274145947"",""价格敏感"":""0.11709057486065745"",""初为人父母"":""0.07891432585041931"",""精致生活"":""0.09413211984738991"",""家有宝贝"":""0.11816822170585294""}","{""儿童"":""1"",""女童"":""1"",""宝宝"":""2"",""^!运动装"":""2"",""单鞋"":""1"",""无糖"":""1"",""罐装"":""1"",""瑞士"":""1"",""1"":null,""男童"":""2"",""童鞋"":""1"",""防滑"":""1"",""^!防（安全）"":""1"",""运动鞋"":""2"",""速溶"":""1"",""原装"":""1"",""婴儿"":""1"",""进口"":""1"",""真皮"":""1"",""咖啡"":""1"",""冷冻"":""1""}","[""学步鞋_婴儿步前鞋"",""速溶咖啡_咖啡豆_粉"",""早教_智能玩具""]",女性,公职,高中
100000,"{""旅行达人"":""0.25406703"",""家居生活"":""0.21108729"",""爱读书"":""0.2063218""}","{""行李箱"":""2"",""衣物"":""2"",""青年"":""2"",""收纳包"":""2"",""文艺"":""2"",""旅行"":""2"",""整理"":""2"",""收纳"":""2""}",NULL,男性,NULL,初中
100000,"{""崇尚自然"":""0.17525666760055195"",""工业采购"":""0.18032130578772407"",""茶叶控"":""0.07750377040428734"",""爱种植"":""0.17367430470841888""}","{""营养"":""1"",""家用"":""1"",""牛皮"":""2"",""压力"":""1"",""皮带"":""2"",""腰带"":""2"",""花盆"":""1"",""^!水壶"":""1"",""喷雾器"":""1"",""喷壶"":""1"",""水壶"":""1"",""打孔"":""2"",""迷你"":""1"",""浇花"":""1"",""真皮"":""2"",""花卉"":""1"",""园艺"":""1"",""种植"":""1"",""多肉"":""1"",""喷雾瓶"":""1"",""桌面"":""1"",""盆栽"":""1"",""小型"":""1"",""绿植"":""1"",""植物"":""1""}",NULL,女性,NULL,初中
100000,"{""个子不高"":""0.12912207364979134"",""休闲风"":""0.12911834864498142"",""手机壳"":""0.1289533786489068"",""商业采购"":""0.12912205825720946"",""爱护手机"":""0.12912145794651697""}","{""软壳"":""1"",""^!手机"":""3"",""透明"":""1"",""^!运动装"":""3"",""电池"":""2"",""气垫"":""1"",""手机壳"":""3"",""苹果"":""1"",""OPPO"":""2"",""^!防（安全）"":""1"",""运动鞋"":""3"",""板鞋"":""3"",""电源"":""2"",""鞋子"":""3"",""休闲"":""3"",""男鞋"":""3"",""冬季"":""3"",""IPHONE"":""1"",""无线"":""2"",""百搭"":""3"",""防摔"":""1"",""潮鞋"":""3"",""韩版"":""3"",""通用"":""1"",""充电宝"":""2"",""硅胶"":""1"",""^!男人"":""3"",""移动"":""2""}",NULL,男性,个体,初中
100000,"{""厨房能手"":""0.09528554268937886"",""爱美"":""0.10579163196820043"",""韩流"":""0.10579163196820043"",""文化人"":""0.10376071984014403"",""油性皮肤"":""0.1022362856445001"",""长头发"":""0.10579163196820043""}","{""发圈"":""14"",""发带"":""7"",""^!简约"":""5"",""卧室"":""1"",""弹簧"":""7"",""铝合金"":""1"",""亚光"":""1"",""顶夹"":""7"",""橡皮筋"":""5"",""日韩"":""7"",""进口"":""1"",""刘海夹"":""7"",""超细"":""1"",""厨房"":""1"",""饰品"":""12"",""超薄"":""1"",""珠光"":""1"",""抗菌"":""1"",""橱柜"":""1"",""^!舒爽"":""1"",""发绳"":""7"",""销售"":""1"",""精品"":""3"",""透气"":""1"",""简易"":""1"",""宽边"":""2"",""^!菌（卫生）"":""1"",""简约"":""5"",""发饰"":""7"",""眼影盘"":""1"",""发箍"":""12"",""眼影"":""1"",""^!女人"":""9"",""韩国"":""14"",""水钻"":""2"",""白色"":""1"",""遮瑕"":""1"",""控油"":""1"",""边夹"":""7"",""神器"":""1"",""干爽"":""1"",""彩色"":""1"",""发卡"":""2"",""洗脸"":""2"",""金丝"":""1"",""柔软"":""1"",""头饰"":""12"",""多色"":""1"",""珍珠"":""1"",""纤维"":""1"",""矿物"":""1"",""头发"":""5"",""亮肤"":""1"",""压发"":""2"",""头绳"":""5"",""修颜"":""1"",""白雪"":""1"",""气质"":""7"",""发夹"":""12"",""^!饰（个人）"":""14""}","[""花卉_绿植盆栽（新）"",""眼影"",""柜类"",""发饰"",""粉饼"",""其他美容工具""]",女性,NULL,初中
100000,"{""怀旧"":""0.27467204562619263"",""大学生"":""0.17285540568683522"",""爱读书"":""0.17798421355807031""}","{""训练"":""1"",""预测"":""1"",""英语"":""1"",""试卷"":""1"",""真题"":""1"",""阅读"":""1"",""大学"":""1""}","[""考试_教材_论文""]",女性,大学,高中
100000,"{""厨房能手"":""0.11634762779305446"",""零食控"":""0.12072455317085193"",""家居生活"":""0.13839995347815395"",""爱读书"":""0.13549027293470695"",""家有宝贝"":""0.12779866031256937""}","{""教学"":""1"",""儿童"":""1"",""家用"":""1"",""床头"":""1"",""触摸"":""1"",""卧室"":""1"",""宿舍"":""1"",""白板"":""1"",""夹子"":""1"",""磁性"":""1"",""学生"":""1"",""书桌"":""1"",""单面"":""1"",""充电式"":""1"",""办公"":""1"",""迷你"":""1"",""护眼"":""1"",""涂鸦"":""1""}","[""教学演示_展示告示用品"",""灯具灯饰""]",男性,NULL,高中
100000,"{""家居生活"":""0.28906175"",""注重健康"":""0.35850322""}","{""衣服"":""1"",""修身"":""1"",""打底衫"":""1"",""T恤"":""1"",""圆领"":""1"",""男装"":""1"",""^!t恤"":""1"",""加绒"":""1"",""纯棉"":""1"",""男士"":""1"",""长袖"":""1"",""秋季"":""1"",""^!舒适（棉麻）"":""1"",""狂欢节"":""1"",""全球"":""1"",""^!男人"":""1"",""加厚"":""1""}",NULL,男性,NULL,初中
60000,"{""品质生活"":""0.2519823092523856"",""简约风"":""0.20348679573499034"",""养鱼控"":""0.208083685566243""}","{""优雅"":""2"",""简约"":""2"",""鱼竿"":""1"",""之源"":""1"",""水晶"":""1"",""^!简约"":""2"",""老花"":""2"",""钓鱼"":""1"",""碳素"":""1"",""^!女人"":""1"",""钓竿"":""1"",""时尚"":""1"",""超轻"":""1"",""^!鱼（养殖）"":""1"",""眼镜"":""1"",""进口"":""1"",""树脂"":""1"",""^!男人"":""1"",""舒适"":""2""}","[""功能眼镜"",""垂钓装备""]",男性,个体,高中
100000,"{""游戏玩家"":""0.3670161343323745"",""装机控"":""0.12823799261576874"",""追求健康"":""0.2025288913445727""}","{""^!有汽车"":""1"",""汽车"":""1"",""创意"":""1"",""摆件"":""1"",""公仔"":""1"",""卡通"":""1"",""一对"":""1"",""可爱"":""1"",""情侣"":""1"",""^!饰（个人）"":""1"",""饰品"":""1""}",NULL,男性,NULL,初中
100000,"{""追剧"":""0.09073056570405154"",""游戏玩家"":""0.12918594054550053"",""懒人"":""0.09073056570405154"",""价格敏感"":""0.23606218800441894"",""低头族"":""0.09073056570405154""}","{""家居"":""1"",""儿童"":""1"",""拖鞋"":""1"",""冬季"":""1"",""月子"":""1"",""惠券"":""4"",""情侣"":""1"",""室内"":""1"",""防滑"":""1"",""^!防（安全）"":""1"",""优惠券"":""7"",""保暖"":""1"",""^!男人"":""1"",""^!取暖"":""1""}",NULL,女性,大学,高中
100000,"{""追星族"":""0.38496581815960734"",""家有宝贝"":""0.3137635191445032""}","{""靠垫"":""1"",""舰队"":""1"",""舰娘"":""1"",""抱枕"":""2"",""公仔"":""1"",""周边"":""2"",""神器"":""1"",""搞笑"":""1"",""COLLECTION"":""1"",""动漫"":""2""}",NULL,女性,NULL,高中
100000,"{""美食达人"":""0.08061979619091902"",""游戏玩家"":""0.08018032904476691"",""零食控"":""0.0797496570088232"",""家居生活"":""0.080632493830903"",""家务控"":""0.0806322631394877"",""初为人父母"":""0.07865128711985432"",""重口味"":""0.07753282785346947"",""音乐控"":""0.07877679766799259""}","{""工具"":""1"",""洗衣服"":""1"",""USB"":""1"",""家用"":""1"",""^!菌（卫生）"":""1"",""水果"":""1"",""除臭"":""1"",""红枣"":""1"",""胶皮"":""1"",""幻影"":""1"",""厨房"":""1"",""洗碗"":""1"",""鼠标"":""1"",""家务"":""1"",""大枣"":""1"",""鞋子"":""1"",""中联"":""1"",""发热"":""1"",""杀菌"":""1"",""山楂"":""1"",""有线"":""1"",""橡胶"":""1"",""乳胶"":""1"",""加长"":""1"",""鞋器"":""1"",""手套"":""1"",""耐用"":""1"",""不锈钢"":""1"",""游戏"":""1"",""加厚"":""1""}","[""干鞋器"",""有线鼠标"",""家务_地板清洁用具"",""厨用小工具_厨房储物""]",女性,NULL,大学
100000,"{""追求舒适"":""0.10472709996073212"",""休闲风"":""0.2163290625041807"",""注重健康"":""0.08800208726603484"",""有点胖"":""0.27173821259915165""}","{""青年"":""1"",""无痕"":""1"",""透气"":""1"",""内裤"":""1"",""性感"":""1"",""可爱"":""1"",""大码"":""1"",""冰丝"":""1"",""^!男人"":""1"",""男士"":""1""}","[""内裤""]",女性,白领,初中
100000,"{""爱美"":""0.1444040003412128"",""休闲风"":""0.1365457379865951"",""中医实践者"":""0.09069194871807351"",""显瘦"":""0.1444351832045439"",""追求性感"":""0.14207367965315384""}","{""薄款"":""1"",""小脚"":""1"",""宽松"":""1"",""阔腿"":""1"",""圆领"":""1"",""衬衣"":""1"",""两件"":""1"",""^!女人"":""2"",""外套"":""1"",""短裤"":""1"",""显瘦"":""2"",""铅笔"":""1"",""^!瘦身"":""2"",""休闲"":""2"",""上衣"":""1"",""T恤"":""1"",""短袖"":""1"",""裤子"":""1"",""^!t恤"":""1"",""百搭"":""1"",""学生"":""1"",""衬衫"":""1"",""韩版"":""2"",""条纹"":""1"",""外穿"":""1"",""^!阔腿"":""1"",""高腰"":""1"",""打底裤"":""1""}","[""衬衫"",""裤子""]",女性,NULL,高中
100000,"{""情趣"":""0.0630292823028981"",""旅行达人"":""0.06199634685362745"",""成人用品"":""0.0630292823028981"",""新潮"":""0.06298697154771629"",""爱美"":""0.06303113823550863"",""零食控"":""0.055939890230964906"",""家居生活"":""0.06302194122532526"",""爱种植"":""0.06291553692695383"",""精致生活"":""0.06296506478040452"",""长头发"":""0.06282913837990037""}","{""牙具"":""2"",""浴帽"":""3"",""复古"":""1"",""滋润"":""1"",""脱脂"":""1"",""旅行"":""2"",""成人"":""3"",""套环"":""2"",""补水"":""1"",""黑色"":""1"",""^!刷牙"":""2"",""全身"":""1"",""进口"":""1"",""木棒"":""1"",""棉球"":""1"",""园艺"":""2"",""保护套"":""2"",""^!防（自然）"":""3"",""女款"":""3"",""韩版"":""1"",""刷头"":""2"",""花纹"":""1"",""保湿"":""1"",""化妆"":""1"",""清洁"":""1"",""可爱"":""3"",""植物"":""2"",""盘发"":""1"",""香体"":""1"",""工具"":""2"",""防水"":""3"",""帽子"":""3"",""家用"":""2"",""无菌"":""1"",""^!菌（卫生）"":""1"",""掏耳朵"":""1"",""防紫外线"":""1"",""洗澡"":""3"",""卸妆"":""1"",""沐浴"":""3"",""卫生棉"":""1"",""固定"":""1"",""便携式"":""2"",""两用"":""1"",""双头"":""1"",""^!女人"":""1"",""韩国"":""3"",""防晒"":""1"",""棉花"":""1"",""边夹"":""1"",""卡通"":""3"",""^!防（漂亮）"":""1"",""发卡"":""1"",""棉签"":""1"",""牙刷"":""2"",""头饰"":""1"",""多肉"":""2"",""收纳盒"":""2"",""盆栽"":""2"",""户外"":""2"",""多功能"":""2"",""塑料"":""3"",""一字夹"":""1"",""美白"":""1"",""隐形"":""1"",""刘海"":""1"",""发夹"":""1"",""^!饰（个人）"":""1""}","[""身体护理（新）"",""园艺用品"",""发饰"",""个人洗护清洁用具"",""伞_雨具_防雨_防潮"",""卫浴用具_卫浴配件""]",女性,大学,大学
100000,"{""注重健康"":""0.543122""}","{""点心"":""1"",""切片"":""2"",""夹心"":""2"",""早餐"":""1"",""奶酪"":""2"",""面包"":""2"",""黑米"":""1""}",NULL,男性,NULL,初中
100000,"{""新潮"":""0.46401044402468306"",""时尚达人"":""0.46401044402468306""}","{""防水"":""2"",""透明"":""2"",""双眼皮"":""2"",""剪刀"":""2"",""双面"":""2"",""^!防（自然）"":""2"",""隐形"":""2"",""自然"":""2""}",NULL,女性,工厂,大学
100000,"{""DIY"":""0.521180942107985"",""注重健康"":""0.14947301778332056""}","{""胖MM"":""1"",""内衣"":""1"",""透气"":""1"",""蕾丝"":""1"",""大码"":""1"",""文胸"":""1"",""无钢圈"":""1"",""舒适"":""1""}",NULL,女性,白领,大学
100000,"{""旅行达人"":""0.23686472"",""追求气质"":""0.2391931""}","{""取暖器"":""1"",""太阳"":""1"",""办公室"":""1"",""家用"":""1"",""浴室"":""1"",""电暖器"":""1"",""暖风机"":""1"",""节能"":""1"",""学生"":""1"",""康佳"":""1"",""^!取暖"":""1""}",NULL,男性,NULL,大学
100000,"{""美食达人"":""0.05669071767320433"",""厨房能手"":""0.056690501415278635"",""旅行达人"":""0.05666342524717569"",""追求舒适"":""0.05669071091514415"",""爱美"":""0.05669071767320433"",""游戏玩家"":""0.05669071767320433"",""韩流"":""0.05669071767320433"",""零食控"":""0.05669071767320433"",""精致生活"":""0.05669069064096362"",""收藏"":""0.056515251398744124"",""长头发"":""0.05669071767320433""}","{""薄款"":""2"",""儿童"":""1"",""女包"":""3"",""无痕"":""7"",""发圈"":""6"",""大礼包"":""1"",""发带"":""3"",""足底"":""2"",""^!简约"":""3"",""旅行"":""3"",""糖果色"":""3"",""橡皮筋"":""6"",""短裤"":""1"",""全球"":""1"",""洗漱"":""3"",""饰品"":""6"",""休闲"":""1"",""运动"":""3"",""女友"":""1"",""女童"":""13"",""头花"":""12"",""布艺"":""6"",""纯棉"":""2"",""化妆包"":""3"",""韩版"":""18"",""^!防（女性）"":""1"",""透气"":""1"",""女士"":""1"",""一片"":""1"",""可爱"":""9"",""大码"":""1"",""^!男人"":""2"",""农家"":""1"",""宽边"":""3"",""防走光"":""1"",""家用"":""2"",""浓缩"":""1"",""内裤"":""2"",""简约"":""3"",""发饰"":""21"",""提臀"":""1"",""发箍"":""3"",""罐装"":""1"",""毛绒"":""3"",""夹子"":""6"",""固定"":""6"",""^!舒适（棉麻）"":""2"",""金牌"":""1"",""^!女人"":""1"",""韩国"":""3"",""东北"":""1"",""薯片"":""1"",""原料"":""1"",""食品"":""1"",""狂欢节"":""1"",""边夹"":""6"",""零食"":""1"",""^!果汁"":""1"",""彩色"":""6"",""酸菜"":""1"",""发卡"":""9"",""洗脸"":""3"",""头饰"":""21"",""宝宝"":""13"",""吃货"":""1"",""冰丝"":""1"",""收纳"":""3"",""小吃"":""1"",""三角"":""1"",""好吃"":""1"",""安全"":""1"",""膨化"":""1"",""甜美"":""3"",""头绳"":""6"",""高达"":""1"",""蝴蝶结"":""6"",""刘海"":""6"",""发夹"":""15"",""三分"":""1"",""^!饰（个人）"":""21""}","[""内裤"",""儿童内衣裤"",""烘焙原料_辅料_食品添加剂-新"",""腌制蔬菜_泡菜_酱菜_脱水蔬菜"",""踏步机_中小型健身器材"",""家庭收纳用具"",""饼干_膨化"",""发饰"",""调味品_果酱_沙拉""]",女性,白领,大学
100000,"{""商务"":""0.059744939547938275"",""甜党"":""0.06468723207149435"",""品质生活"":""0.06468849675253172"",""二次元"":""0.06468390842803642"",""文具办公采购"":""0.06468849675253172"",""家务控"":""0.06382726438903157"",""注重健康"":""0.05879177875366786"",""爱读书"":""0.06386255978603143"",""精致生活"":""0.06467908875944894"",""信神佛"":""0.06468849675253172""}","{""日记"":""1"",""牛皮"":""1"",""透明"":""1"",""德国"":""3"",""同款"":""1"",""啫喱"":""2"",""修正"":""1"",""1"":null,""双头"":""1"",""DIY"":""1"",""中性"":""7"",""迷你"":""1"",""限定"":""1"",""原装"":""5"",""无印良品"":""1"",""进口"":""3"",""MUJI"":""1"",""彩色"":""1"",""中性笔"":""4"",""钢笔"":""3"",""IC"":""1"",""水笔"":""2"",""荧光"":""1"",""签字笔"":""2"",""记事本"":""1"",""MM"":""6"",""系列"":""1"",""修饰"":""1"",""PLUS"":""2"",""记忆"":""1"",""规格"":""1"",""按动"":""1"",""装饰"":""1"",""商务"":""1"",""THE"":""1"",""升级"":""1"",""手帐"":""1"",""笔芯"":""6"",""日本"":""14"",""送礼"":""3"",""新品"":""1"",""文具"":""1"",""SAFARI"":""3"",""全新"":""4"",""^!饰（个人）"":""1"",""替芯"":""6""}",NULL,女性,白领,初中
100000,"{""家居生活"":""0.43557704804395936"",""精致生活"":""0.34019471138377405""}","{""防暑"":""3"",""个装"":""3"",""^!防（舒适）"":""3"",""清凉油"":""3"",""虎头"":""3"",""冰牌"":""3"",""防蚊"":""3""}",NULL,男性,个体,初中
100000,"{""美食达人"":""0.09988282563081077"",""悠闲生活"":""0.09092153878702394"",""厨房能手"":""0.04580580879929817"",""家居生活"":""0.09978833116366821"",""家务控"":""0.08498344953449115"",""重口味"":""0.09981107034654671"",""信神佛"":""0.09988293283492074""}","{""围裙"":""1"",""点心"":""1"",""客厅"":""1"",""欧式"":""1"",""电视"":""1"",""卧室"":""1"",""紫外线"":""1"",""成人"":""1"",""2"":null,""原味"":""1"",""田园"":""1"",""原料"":""1"",""时尚"":""1"",""全球"":""1"",""狂欢节"":""1"",""无纺布"":""2"",""壁纸"":""1"",""厨房"":""1"",""工程"":""1"",""荧光"":""1"",""专业"":""1"",""蛋糕"":""1"",""休闲"":""1"",""刺绣"":""1"",""测试"":""1"",""早餐"":""1"",""英国"":""1"",""动物"":""1"",""保温"":""1"",""长袖"":""1"",""韩版"":""1"",""办公"":""1"",""特产"":""1"",""奶油"":""1"",""保湿"":""1"",""背景"":""1"",""^!特产"":""1"",""手电筒"":""1"",""可爱"":""1"",""工作服"":""1"",""墙纸"":""1""}","[""园艺用品"",""户外照明"",""家务_地板清洁用具"",""烘焙原料_辅料_食品添加剂-新"",""墙纸"",""骑行服饰_骑行装备"",""糕点_点心""]",女性,白领,大学
100000,"{""情趣"":""0.11350079482900123"",""厨房能手"":""0.10571152698353209"",""成人用品"":""0.11350079482900123"",""新潮"":""0.11326463134652426"",""追求性感"":""0.08968659048545952"",""爱读书"":""0.1048487177120647""}","{""BB"":""1"",""舰店"":""1"",""家用"":""6"",""休闲裤"":""1"",""燕窝"":""1"",""安全套"":""1"",""直筒"":""1"",""全自动"":""1"",""LED"":""6"",""白光"":""6"",""成人"":""1"",""1"":null,""^!舒适（棉麻）"":""1"",""黑色"":""1"",""迷你"":""1"",""煲汤"":""1"",""BEAR"":""1"",""节能"":""6"",""男用"":""1"",""情趣"":""1"",""休闲"":""1"",""宝宝"":""1"",""修身"":""1"",""裤子"":""1"",""百搭"":""1"",""纯棉"":""1"",""男士"":""1"",""商务"":""1"",""韩版"":""1"",""避孕套"":""1"",""螺口"":""6"",""灯泡"":""6"",""^!男人"":""1"",""持久"":""1""}","[""电锅煲类"",""计生用品"",""光源"",""休闲裤""]",男性,个体,大学
100000,"{""情趣"":""0.16241361826125925"",""成人用品"":""0.16241361826125925"",""新潮"":""0.16241361826125925"",""零食控"":""0.1620818058092098""}","{""情趣"":""3"",""后庭"":""2"",""精环"":""2"",""安全套"":""1"",""润滑剂"":""2"",""超薄"":""1"",""包皮"":""2"",""阴茎"":""2"",""同志"":""2"",""成人"":""2"",""套环"":""2"",""避孕套"":""1"",""美版"":""2"",""矫正器"":""2"",""润滑油"":""2"",""男用"":""5"",""持久"":""1""}","[""情趣用品"",""计生避孕""]",男性,教育,大学
60000,"{""文具办公采购"":""0.24826627139461607"",""追求舒适"":""0.12790422251861966"",""精致生活"":""0.24562131305635618""}","{""2"":null,""代购"":""1"",""时尚"":""1"",""性感"":""1"",""英国"":""1"",""聚拢"":""1"",""纯色"":""1"",""直邮"":""1"",""三角"":""1""}","[""游泳""]",女性,白领,大学
100000,"{""追剧"":""0.07281609025451602"",""悠闲生活"":""0.087294190597324"",""懒人"":""0.08562281496095744"",""手机壳"":""0.08717512422001766"",""低头族"":""0.07470798003262007"",""痘痘宿主"":""0.08266395136982417"",""爱护手机"":""0.08744591917234516"",""iPhone"":""0.08062763587960967""}","{""^!手机"":""1"",""礼物"":""2"",""简约"":""1"",""潮牌"":""2"",""^!简约"":""1"",""字母"":""1"",""戒指"":""2"",""磨砂"":""1"",""手机壳"":""1"",""苹果"":""2"",""黑头"":""2"",""3"":null,""滤镜"":""1"",""黑色"":""1"",""安卓"":""1"",""自助"":""1"",""硬壳"":""1"",""男女"":""1"",""指环"":""2"",""IPHONE"":""1"",""创意"":""2"",""设计"":""2"",""通用"":""1"",""全套"":""1"",""IPAD"":""1"",""6PLUS"":""1""}","[""设计服务"",""T恤"",""手机配件"",""戒指_指环""]",男性,教育,高中
100000,"{""工业采购"":""0.18514612"",""游戏玩家"":""0.18922016"",""英雄联盟玩家"":""0.189162""}","{""儿童"":""1"",""模型"":""1"",""联盟"":""1"",""蜘蛛"":""1"",""手办"":""1"",""玩具"":""1"",""可动"":""1""}",NULL,男性,NULL,大学
100000,"{""有车族"":""0.08959872574089896"",""DIY"":""0.08959872574089896"",""旅行达人"":""0.14895205820430757"",""零食控"":""0.20506520604579745"",""酸党"":""0.20229127779416645""}","{""复古"":""1"",""修身"":""1"",""打底衫"":""1"",""简约"":""1"",""T恤"":""1"",""^!简约"":""1"",""双面"":""1"",""自制"":""1"",""^!t恤"":""1"",""百搭"":""1"",""披肩"":""1"",""纯色"":""1"",""男士"":""1"",""围巾"":""1"",""长袖"":""1"",""高领"":""1"",""^!男人"":""1""}",NULL,男性,个体,初中
100000,"{""品质生活"":""0.29228595"",""英伦"":""0.2467357""}","{""代购"":""2"",""美国"":""2"",""瑞士"":""2"",""进口"":""2"",""直邮"":""2"",""巧克力"":""2""}",NULL,女性,白领,大学
100000,"{""工业采购"":""0.10758997402783638"",""手机贴膜"":""0.18580422345211564"",""iPhone"":""0.18338724491083197"",""爱护手机"":""0.2172268728767954""}","{""玻璃"":""1"",""^!防（安全）"":""1"",""钢化膜"":""1"",""IPHONE"":""1"",""贴膜"":""1"",""手机"":""1"",""全屏"":""1"",""苹果6"":""1"",""防爆"":""1"",""6PLUS"":""1""}",NULL,男性,NULL,高中
100000,"{""有车族"":""0.22522354"",""新潮"":""0.14854984"",""简约风"":""0.23560376""}","{""奢华"":""1"",""^!手机"":""1"",""透明"":""1"",""全包"":""1"",""简约"":""1"",""IPHONE"":""1"",""^!简约"":""1"",""手机壳"":""1"",""硅胶"":""1"",""苹果"":""1""}",NULL,女性,个体,初中
100000,"{""爱美"":""0.1302001"",""零食控"":""0.19534524"",""服装DIY"":""0.2275464""}","{""无耳洞"":""1"",""耳夹"":""1"",""简约"":""1"",""专卖"":""1"",""^!简约"":""1"",""防爆"":""1"",""夷果"":""1"",""^!防（健康）"":""1"",""防过敏"":""1"",""坚果"":""1"",""原味"":""1"",""^!防（安全）"":""1"",""时尚"":""1"",""耳饰"":""1"",""进口"":""1"",""^!瘦身"":""1"",""首饰"":""1"",""饰品"":""1"",""夏威"":""1"",""男女"":""1"",""珍珠"":""1"",""耳钉"":""1"",""零食品"":""1"",""瑜伽"":""1"",""孕妇"":""1"",""蜂蜜"":""1"",""韩版"":""1"",""美国"":""1"",""^!饰（个人）"":""1"",""加厚"":""1""}",NULL,女性,NULL,高中
100000,"{""中医践行者"":""0.14980263"",""DIY"":""0.14939566"",""崇尚自然"":""0.15072943"",""追求健康"":""0.14980263""}","{""特级"":""1"",""中药材"":""1"",""四川"":""1"",""^!天然"":""1"",""无硫"":""1"",""^!中药"":""1"",""野生"":""1"",""天然"":""1""}",NULL,女性,NULL,大学
100000,"{""厨房能手"":""0.09014068837599126"",""宠物控"":""0.09014066688477641"",""工业采购"":""0.08994043860889869"",""家居生活"":""0.09014068837599126"",""注重健康"":""0.08994666031559541"",""狗主人"":""0.09001524415495944"",""精致生活"":""0.0901208304934774""}","{""丝袜"":""1"",""薄款"":""2"",""无痕"":""1"",""沉香"":""2"",""月子"":""1"",""除垢"":""1"",""厕所"":""2"",""除臭"":""2"",""猫咪"":""1"",""香料"":""2"",""挂绳"":""1"",""袜子"":""3"",""^!精油"":""2"",""^!防（安全）"":""3"",""弹性"":""2"",""厨房"":""1"",""船袜"":""3"",""饰品"":""1"",""秋冬"":""1"",""男女"":""1"",""香薰"":""2"",""超薄"":""1"",""檀香"":""2"",""透气"":""1"",""隐形袜"":""1"",""女士"":""3"",""个性"":""1"",""清洁"":""1"",""大码"":""2"",""毛巾"":""1"",""项链"":""1"",""比熊"":""1"",""^!弹性"":""2"",""衣服"":""1"",""家用"":""2"",""卫生间"":""2"",""精油"":""2"",""裙子"":""1"",""宠物"":""2"",""^!女人"":""3"",""铃铛"":""1"",""公主"":""1"",""保暖"":""1"",""真皮"":""1"",""低帮"":""2"",""睡眠"":""1"",""金刚砂"":""1"",""泰国"":""2"",""证件"":""1"",""皮套"":""1"",""羊绒"":""1"",""浅口"":""3"",""加绒"":""1"",""短袜"":""2"",""婚纱"":""1"",""防滑"":""3"",""礼服"":""1"",""泰迪"":""2"",""不掉"":""1"",""隐形"":""2"",""硅胶"":""3"",""狗狗"":""1"",""^!取暖"":""1"",""海绵"":""1"",""^!饰（个人）"":""1"",""熏香"":""2"",""加厚"":""1""}","[""汽车用品_内饰品"",""宠物服饰及配件"",""短袜_打底袜_丝袜_美腿袜"",""家务_地板清洁用具"",""香熏用品""]",女性,NULL,初中
100000,"{""白领"":""0.15901251333250987"",""崇尚自然"":""0.1760349693752485"",""中医实践者"":""0.17436963406749315"",""精致生活"":""0.15450111840926362""}","{""复古"":""1"",""近视"":""1"",""简约"":""1"",""^!简约"":""1"",""自制"":""1"",""手工"":""1"",""野生"":""1"",""金属"":""1"",""1"":null,""^!防（健康）"":""1"",""特级"":""1"",""韩版"":""1"",""眼镜"":""1"",""防辐射"":""1"",""农家"":""1""}",NULL,女性,NULL,初中
60000,"{""美食达人"":""0.0952328448653169"",""零食控"":""0.09495698132925325"",""新婚"":""0.07952679321398592"",""追求性感"":""0.09523215235412531"",""爱读书"":""0.09464256421931061"",""家有宝贝"":""0.0952227183082203"",""重口味"":""0.06639248404638258""}","{""宽松"":""2"",""蜜枣"":""1"",""双人"":""1"",""结婚"":""1"",""凉席"":""1"",""直筒"":""1"",""红枣"":""1"",""连衣裙"":""1"",""裙子"":""1"",""中长款"":""1"",""^!女人"":""1"",""雪纺"":""1"",""休闲"":""2"",""翻领"":""1"",""阿胶"":""1"",""上衣"":""1"",""零食品"":""1"",""A字"":""1"",""双面"":""1"",""短袖"":""2"",""纯色"":""1"",""冰丝"":""1"",""^!甜食"":""2"",""散装"":""2"",""杏仁"":""1"",""韩版"":""1"",""糖果"":""2"",""席子"":""1"",""大码"":""1"",""套头"":""1""}","[""凉席_竹席_藤席_草席_牛皮席"",""蕾丝衫_雪纺衫"",""糖果零食_果冻_布丁"",""连衣裙""]",女性,NULL,大学
100000,"{""爱书法"":""0.06379008124424339"",""美食达人"":""0.06380569684183092"",""崇尚自然"":""0.06361374593061868"",""家里装修"":""0.06380570444806452"",""休闲风"":""0.06376683659435178"",""有房的壕"":""0.06380570444806452"",""送好友"":""0.06380569684183092"",""家有宝贝"":""0.06380571205429812"",""重口味"":""0.06352437268578019"",""信神佛"":""0.0638049818558722""}","{""儿童"":""4"",""点心"":""1"",""前置"":""1"",""防烫"":""1"",""圆领"":""2"",""男款"":""2"",""成人"":""3"",""乐淘水"":""1"",""小学生"":""3"",""幼儿"":""1"",""厨房"":""1"",""陶瓷"":""1"",""干果"":""1"",""休闲"":""1"",""字帖"":""6"",""手撕"":""1"",""宣纸"":""3"",""纯棉"":""2"",""蜂蜜"":""1"",""入门"":""3"",""轻薄"":""2"",""^!特产"":""1"",""保温杯"":""1"",""毛笔"":""3"",""^!男人"":""2"",""杯子"":""1"",""家用"":""1"",""衬衣"":""2"",""烘焙"":""1"",""练习"":""3"",""棉麻"":""2"",""^!舒适（棉麻）"":""4"",""新货"":""1"",""坚果"":""1"",""书法"":""6"",""零食"":""2"",""面包"":""1"",""净水器"":""1"",""钢笔"":""3"",""蛋糕"":""1"",""卫衣"":""2"",""办公室"":""1"",""硬笔"":""3"",""早餐"":""1"",""系列"":""1"",""小楷"":""3"",""每日"":""1"",""印花"":""2"",""特产"":""1"",""练字"":""3"",""不锈钢"":""1"",""水龙头"":""1"",""过滤器"":""1"",""自来水"":""1"",""楷书"":""3"",""套头"":""2""}","[""衬衫"",""山核桃_坚果_炒货"",""卫衣"",""日常学习用品"",""杯子_水杯_水壶"",""画具_画材_书法用品"",""净水器"",""糕点_点心""]",男性,医护,大学
100000,"{""美食达人"":""0.06916052101858763"",""崇尚自然"":""0.056346453261692825"",""厨房能手"":""0.06927127849143251"",""家里装修"":""0.06480396820814688"",""工业采购"":""0.06927108030471503"",""爱穿裙子"":""0.043802002018377535"",""家居生活"":""0.06927120417141346"",""家务控"":""0.06585747099384165"",""新婚"":""0.044980758809523284"",""初为人父母"":""0.06811630410638506""}","{""薄款"":""1"",""丝袜"":""1"",""收腹"":""1"",""透明"":""3"",""内衣"":""1"",""大小"":""1"",""^!简约"":""2"",""足底"":""1"",""专柜"":""1"",""油壶"":""2"",""现代"":""2"",""调整"":""1"",""床垫"":""1"",""调料"":""2"",""亚克力"":""2"",""炒锅"":""1"",""上衣"":""1"",""实用"":""1"",""超薄"":""1"",""天然"":""1"",""面盆"":""1"",""调味罐"":""3"",""浪莎"":""1"",""安装"":""3"",""木质"":""1"",""圆管"":""1"",""中长"":""1"",""文胸"":""1"",""调味瓶"":""1"",""置物架"":""1"",""中式"":""2"",""工具"":""1"",""简约"":""2"",""双人"":""3"",""小腿"":""1"",""辣椒"":""1"",""^!女人"":""1"",""食品"":""1"",""服务"":""9"",""配送"":""3"",""家居"":""1"",""美体"":""1"",""冰块"":""1"",""^!天然"":""1"",""圆形"":""2"",""橡木"":""2"",""架子"":""1"",""橡胶"":""2"",""橡皮"":""1"",""按摩"":""1"",""不锈钢"":""5"",""隔热"":""1"",""静音"":""1"",""加厚"":""1""}","[""餐具"",""床类"",""本地化生活服务"",""床垫类"",""烹饪用具"",""炉具_餐具_野餐烧烤用品"",""短袜_打底袜_丝袜_美腿袜"",""塑身上衣"",""厨用小工具_厨房储物"",""按摩器材""]",女性,NULL,大学
100000,"{""爱美"":""0.14466412003465284"",""休闲风"":""0.13174173819003052"",""追求性感"":""0.17578788894866607"",""痘痘宿主"":""0.19609182354258672""}","{""弹力"":""1"",""小脚"":""1"",""修身"":""1"",""裤子"":""1"",""同款"":""1"",""社会"":""1"",""^!男人"":""1"",""精神"":""1""}","[""休闲裤""]",女性,NULL,初中
100000,"{""工业采购"":""0.243080607011931"",""注重健康"":""0.2456850590525969"",""价格敏感"":""0.31823716477682473""}","{""速食"":""1"",""韩国"":""1"",""食品"":""1"",""泡面"":""1"",""方便面"":""1"",""进口"":""1"",""拉面"":""1""}",NULL,女性,医护,初中
100000,"{""居家型"":""0.09794799630465105"",""商务"":""0.09260548550219769"",""美食达人"":""0.08756382085413593"",""品质生活"":""0.09899697783656551"",""家居生活"":""0.09794799630465105"",""文化人"":""0.09899697783656551"",""爱读书"":""0.09899697783656551""}","{""正版"":""6"",""训练"":""2"",""视频"":""1"",""附赠"":""2"",""经典"":""3"",""英语"":""2"",""纪念版"":""1"",""一个"":""1"",""新华"":""2"",""世界"":""1"",""杂货"":""2"",""新版"":""1"",""阅读"":""1"",""精装"":""1"",""大学"":""2"",""思维"":""1"",""情感"":""2"",""名著"":""1"",""书籍"":""4"",""励志"":""2"",""逻辑"":""1"",""外国"":""3"",""系列"":""2"",""都市"":""1"",""森林"":""1"",""作品"":""1"",""小说"":""7"",""文学"":""5"",""著作"":""1"",""现当代"":""3"",""日本"":""5"",""青春"":""1"",""最新"":""2"",""书店"":""1""}","[""考试_教材_论文"",""小说"",""文学""]",女性,大学,高中
100000,"{""精致生活"":""0.7662014938325947""}","{""^!舒适（棉麻）"":""2"",""^!防（卫生）"":""2"",""透气"":""2"",""防臭"":""2"",""手工"":""2"",""纯棉"":""2"",""男女士"":""2""}",NULL,男性,大学,高中
100000,"{""崇尚自然"":""0.3051624885327216"",""家居生活"":""0.4715785549624803""}","{""家用"":""1"",""切菜"":""1"",""电动"":""1"",""蒜泥器"":""1"",""小型"":""1"",""多功能"":""1""}",NULL,女性,NULL,大学
100000,"{""崇尚自然"":""0.11749264857258918"",""追求舒适"":""0.1184294835341172"",""初为人父母"":""0.11006894305095534"",""爱读书"":""0.08255056300065033"",""精致生活"":""0.11822988152156846"",""家有宝贝"":""0.11883186180583785""}","{""儿童"":""3"",""内裤"":""1"",""条装"":""1"",""袜子"":""1"",""^!舒适（棉麻）"":""1"",""新生儿"":""1"",""收纳箱"":""1"",""高品质"":""1"",""卡通"":""1"",""整理"":""1"",""储物盒"":""1"",""不含"":""1"",""大号"":""1"",""秋冬"":""1"",""女童"":""1"",""宝宝"":""2"",""男女"":""1"",""箱子"":""1"",""纯棉"":""1"",""礼盒"":""1"",""无骨"":""1"",""塑料"":""1"",""婴儿"":""1"",""玩具"":""1"",""加厚"":""1""}","[""宝宝洗浴护肤品"",""儿童内衣裤"",""儿童袜子(0-16岁)"",""家庭收纳用具""]",女性,NULL,大学
100000,"{""工业采购"":""0.7159427889106451""}","{""置物架"":""1"",""沥水"":""2"",""带盖"":""1"",""桌面"":""1"",""圆形"":""1"",""欧式"":""1"",""卫生间"":""2"",""旅行"":""1"",""手工"":""1"",""肥皂盒"":""2"",""洗衣"":""1"",""创意"":""3"",""韩国"":""1"",""时尚"":""1"",""笔筒"":""1"",""香皂"":""1"",""文具"":""1"",""大号"":""2"",""肥皂"":""1"",""香皂盒"":""2""}",NULL,女性,白领,大学
100000,"{""DIY"":""0.17153377247367477"",""文具办公采购"":""0.17153146180231077"",""胸小"":""0.1681871024018188"",""有点胖"":""0.168535308307324""}","{""经典"":""1"",""无痕"":""3"",""内衣"":""3"",""性感"":""3"",""狂欢"":""1"",""收副"":""3"",""代购"":""1"",""^!女人"":""3"",""速溶"":""1"",""意大利"":""1"",""女士"":""3"",""一片"":""3"",""聚拢"":""3"",""胸罩"":""3"",""文胸"":""3"",""咖啡"":""1"",""雀巢"":""1""}","[""速溶咖啡_咖啡豆_粉"",""文胸""]",女性,NULL,大学
100000,"{""商务"":""0.12882848627833393"",""厨房能手"":""0.10828700247815616"",""英雄联盟玩家"":""0.11676220008153582"",""价格敏感"":""0.12882991454653445"",""信神佛"":""0.12389121651164138""}","{""音箱"":""1"",""蓝牙"":""1"",""复古"":""1"",""短款"":""2"",""菊花茶"":""1"",""电脑"":""1"",""妈妈"":""2"",""买二"":""1"",""拉链"":""1"",""^!女人"":""5"",""便携"":""1"",""外套"":""2"",""清仓"":""5"",""低音炮"":""1"",""马丁"":""1"",""迷你"":""1"",""女装"":""2"",""时尚"":""2"",""平跟"":""4"",""真皮"":""2"",""圆头"":""5"",""秋冬"":""1"",""车载"":""1"",""不退"":""2"",""上衣"":""2"",""平底"":""5"",""单鞋"":""4"",""无线"":""1"",""插卡"":""1"",""短靴"":""1"",""厚底"":""2"",""音响"":""1"",""夹克"":""2"",""^!有汽车"":""1"",""不换"":""2"",""特级"":""1"",""中老年"":""2"",""茶叶"":""1"",""手机"":""1"",""春秋"":""2""}","[""桌面音响_音箱"",""代用_花草_水果_再加工茶"",""低帮鞋"",""中老年女装"",""靴子""]",女性,个体,初中
100000,"{""美食达人"":""0.2551761"",""关注口腔健康"":""0.24806207""}","{""营养"":""1"",""鸡蛋"":""1"",""零食品"":""1"",""软毛"":""1"",""早餐"":""1"",""整箱"":""1"",""手撕"":""2"",""口袋"":""1"",""成人"":""1"",""明治"":""1"",""夹心"":""1"",""特产"":""1"",""^!特产"":""1"",""美国"":""1"",""零食"":""1"",""面包"":""2"",""天天"":""1"",""严迪"":""1"",""牙刷"":""1"",""防口"":""1"",""蛋糕"":""1"",""柔软"":""1""}",NULL,女性,NULL,初中
100000,"{""有点胖"":""0.8793464""}","{""果冻"":""1"",""酵素"":""1"",""孝素"":""1"",""天天"":""1"",""清肠"":""1"",""洛神"":""1""}",NULL,男性,个体,初中
100000,"{""美食达人"":""0.08170140362465064"",""旅行达人"":""0.1025803647163544"",""游戏玩家"":""0.11049472670520352"",""公共交通践行者"":""0.112472587498496"",""零食控"":""0.10251116053815332"",""文艺控"":""0.11283316884098883""}","{""滋养"":""1"",""故宫"":""1"",""营养"":""1"",""证件套"":""1"",""公交"":""1"",""旅行"":""1"",""小麦"":""1"",""卡套"":""1"",""组合装"":""1"",""中国"":""1"",""创意"":""1"",""蜂花"":""1"",""保湿"":""1"",""柔顺"":""1"",""蛋白"":""1"",""毛躁"":""1"",""硅胶"":""1"",""护发素"":""1"",""干枯"":""1"",""改善"":""1""}","[""收纳_陈列用品"",""洗发沐浴_个人清洁""]",女性,NULL,大学
100000,"{""家居生活"":""0.4258871602469058"",""精致生活"":""0.3666217140770233""}","{""拖鞋"":""3"",""居家"":""3"",""坐垫"":""3"",""围巾"":""3""}",NULL,女性,NULL,高中
100000,"{""爱美"":""0.13976128688556114"",""注重健康"":""0.06947259797039926"",""追求性感"":""0.12829050449917181"",""爱读书"":""0.10831540719365161"",""收藏"":""0.11310356558838154"",""设计师"":""0.06698628004506119""}","{""耳夹"":""1"",""长款"":""1"",""宽松"":""1"",""简约"":""6"",""^!简约"":""6"",""戒指"":""1"",""欧美"":""1"",""机车"":""1"",""明星"":""1"",""金属"":""1"",""开口"":""1"",""耳坠"":""3"",""草莓"":""1"",""耳环"":""4"",""立体"":""1"",""中长款"":""1"",""^!防（健康）"":""1"",""防过敏"":""1"",""韩国"":""6"",""^!女人"":""5"",""外套"":""1"",""中性"":""2"",""日韩"":""3"",""搭配"":""1"",""耳饰"":""4"",""首饰"":""2"",""饰品"":""5"",""男女"":""3"",""关节"":""1"",""耳钉"":""4"",""冬季"":""1"",""一字"":""2"",""镂空"":""1"",""百搭"":""1"",""交叉"":""1"",""纯银"":""1"",""学生"":""3"",""夹克"":""1"",""设计"":""2"",""个性"":""3"",""吊坠"":""1"",""气质"":""1"",""^!饰（个人）"":""5"",""项链"":""2"",""加厚"":""1""}","[""项链"",""短外套"",""戒指_指环"",""耳饰""]",男性,NULL,高中
100000,"{""简约风"":""0.09684678896929504"",""手机壳"":""0.11656774557126198"",""显瘦"":""0.10399197227690446"",""初为人父母"":""0.08827628308680759"",""精致生活"":""0.10952074018462103"",""爱护手机"":""0.11693959340129759""}","{""丝袜"":""1"",""^!手机"":""1"",""简约"":""1"",""^!简约"":""1"",""哑光"":""1"",""字母"":""1"",""磨砂"":""1"",""手机壳"":""1"",""外壳"":""1"",""苹果"":""1"",""1"":null,""^!女人"":""1"",""打底袜"":""1"",""显瘦"":""1"",""^!瘦身"":""1"",""保暖"":""1"",""硬壳"":""1"",""秋冬"":""1"",""IPHONE"":""1"",""情侣"":""1"",""连裤袜"":""1"",""升级"":""1"",""英文"":""1"",""文艺"":""1"",""^!取暖"":""1""}","[""短袜_打底袜_丝袜_美腿袜"",""扇_迷你风扇_配件_冰垫_冰贴"",""手机配件""]",女性,白领,大学
100000,"{""美食达人"":""0.26478889912637493"",""零食控"":""0.2647883309510371"",""重口味"":""0.26423729556923725""}","{""坚果"":""1"",""原味"":""1"",""特产"":""1"",""^!特产"":""1"",""零食"":""1"",""开口"":""1"",""五香"":""1"",""手剥"":""1""}","[""山核桃_坚果_炒货""]",女性,NULL,初中
100000,"{""中医实践者"":""0.24017595639162254"",""初为人父母"":""0.45422512256795444""}","{""衣服"":""1"",""连体"":""1"",""冬季"":""1"",""棉衣"":""1"",""女宝宝"":""1"",""新生儿"":""1"",""冬装"":""1"",""狂欢节"":""1"",""全球"":""1"",""婴儿"":""1"",""^!男人"":""1"",""睡衣"":""1"",""加厚"":""1""}",NULL,男性,NULL,初中
100000,"{""商务"":""0.11880244775144685"",""有车族"":""0.11224000740528679"",""追求性感"":""0.07413790121201227"",""爱读书"":""0.11880292927371151"",""爱种植"":""0.0732813580777227"",""家有宝贝"":""0.1188029859233897""}","{""儿童"":""8"",""薄款"":""1"",""珊瑚"":""1"",""青年"":""3"",""皮带"":""3"",""男式"":""1"",""凉席"":""1"",""大容量"":""1"",""出差"":""1"",""开衫"":""1"",""高领"":""6"",""三件套"":""1"",""男童"":""8"",""短裤"":""1"",""中大童"":""7"",""整理"":""1"",""天天"":""1"",""头层"":""3"",""促销"":""2"",""车载"":""1"",""休闲"":""5"",""可折叠"":""1"",""家庭"":""2"",""男女"":""1"",""双面"":""1"",""裤子"":""1"",""^!防（自然）"":""1"",""童装"":""2"",""长袖"":""1"",""^!有汽车"":""1"",""秋冬季"":""1"",""韩版"":""1"",""单人"":""1"",""储物箱"":""1"",""席子"":""1"",""大码"":""1"",""毛衣"":""6"",""^!男人"":""3"",""睡衣"":""1"",""防水"":""1"",""牛皮"":""3"",""裤带"":""3"",""羊绒衫"":""6"",""^!针织"":""6"",""手提"":""1"",""腰带"":""3"",""洗衣"":""2"",""棉麻"":""1"",""便携式"":""1"",""1"":null,""^!舒适（棉麻）"":""1"",""男孩"":""1"",""^!童装"":""2"",""衣物"":""1"",""水杯"":""1"",""针织衫"":""6"",""家居服"":""1"",""保暖"":""1"",""真皮"":""3"",""牛仔"":""1"",""冬季"":""6"",""收纳盒"":""1"",""短袖"":""1"",""多功能"":""1"",""加绒"":""6"",""男士"":""3"",""DAOLEILU"":""3"",""汽车"":""1"",""商务"":""3"",""折叠"":""1"",""^!取暖"":""1"",""套头"":""6"",""加厚"":""7""}","[""旅行箱包"",""毛衣_针织衫"",""腰带_皮带_腰链"",""套装"",""凉席_竹席_藤席_草席_牛皮席"",""裤子"",""衣物清洁剂_护理剂"",""汽车用品_内饰品"",""睡衣_家居服套装""]",男性,NULL,大学
100000,"{""品质生活"":""0.20926493"",""爱美"":""0.17845337"",""茶叶控"":""0.20926493""}","{""雪纺"":""1"",""印花"":""1"",""半身裙"":""1"",""A字"":""1"",""高腰"":""1"",""长裙"":""1"",""松紧腰"":""1"",""中长款"":""1""}",NULL,男性,NULL,初中
100000,"{""工业采购"":""0.27047753"",""爱读书"":""0.2489174""}","{""儿童"":""2"",""衣服"":""2"",""女孩"":""2"",""娃娃"":""2"",""婚纱"":""2"",""玩具"":""2"",""公主"":""2"",""礼盒"":""2"",""芭比"":""2""}",NULL,男性,NULL,初中
100000,"{""崇尚自然"":""0.10109765475241694"",""关注儿童阅读"":""0.12440999488806144"",""游戏玩家"":""0.06866926293157609"",""家居生活"":""0.11406726135391788"",""注重健康"":""0.12269309054584086"",""家有宝贝"":""0.10060601869516113""}","{""拖鞋"":""1"",""青少年"":""1"",""上衣"":""1"",""男鞋"":""1"",""T恤"":""1"",""圆领"":""1"",""男装"":""1"",""短袖"":""1"",""^!t恤"":""1"",""纯棉"":""1"",""情侣"":""1"",""^!少年"":""1"",""男士"":""1"",""^!舒适（棉麻）"":""1"",""印花"":""1"",""韩版"":""1"",""防滑"":""1"",""^!防（安全）"":""1"",""居家"":""1"",""^!男人"":""1""}","[""拖鞋"",""T恤""]",女性,白领,大学
100000,"{""爱美"":""0.24431008502436027"",""爱穿裙子"":""0.21539164115980286"",""商业采购"":""0.2439699800125906""}","{""全棉"":""2"",""休闲"":""1"",""收腹"":""1"",""内裤"":""1"",""性感"":""1"",""提臀"":""1"",""女款"":""1"",""纯棉"":""2"",""三角裤"":""1"",""长袖"":""1"",""^!舒适（棉麻）"":""2"",""浪莎"":""1"",""^!女人"":""2"",""韩版"":""1"",""透气"":""1"",""红色"":""1"",""短裤"":""1"",""家居服"":""1"",""女士"":""2"",""高腰"":""1"",""春秋季"":""1"",""睡衣"":""1""}",NULL,男性,白领,初中
100000,"{""DIY"":""0.14943063144116456"",""爱美"":""0.15267909553435963"",""耳饰控"":""0.14814657631134368"",""爱读书"":""0.1524963234152991""}","{""薄款"":""1"",""耳夹"":""1"",""长款"":""4"",""眼睛"":""1"",""内衣"":""1"",""简约"":""3"",""^!简约"":""3"",""驾驶"":""1"",""耳坠"":""4"",""耳环"":""4"",""无钢圈"":""1"",""^!防（健康）"":""4"",""^!舒适（棉麻）"":""1"",""防过敏"":""4"",""韩国"":""4"",""^!女人"":""2"",""流苏"":""4"",""耳饰"":""1"",""饰品"":""4"",""男女"":""1"",""珍珠"":""4"",""耳钉"":""4"",""太阳镜"":""1"",""纯银"":""4"",""纯棉"":""1"",""学生"":""1"",""男士"":""1"",""^!有汽车"":""1"",""^!蛤品"":""1"",""眼镜"":""1"",""蛤蟆镜"":""1"",""少女"":""1"",""个性"":""1"",""墨镜"":""1"",""可爱"":""1"",""气质"":""4"",""文胸"":""1"",""^!男人"":""1"",""^!饰（个人）"":""4""}","[""太阳眼镜"",""耳饰"",""文胸""]",男性,NULL,初中
100000,"{""甜党"":""0.19695657458273386"",""美食达人"":""0.20101123532818255"",""家居生活"":""0.144980883373496"",""注重健康"":""0.06766729300005261""}","{""拖鞋"":""1"",""防水"":""1"",""透明"":""2"",""^!被子"":""2"",""冬季"":""1"",""被子"":""2"",""月子"":""1"",""^!防（自然）"":""1"",""口袋"":""2"",""情侣"":""1"",""收纳"":""2"",""定做"":""2"",""1"":null,""^!女人"":""1"",""居家"":""1"",""包装"":""2"",""袋子"":""2"",""塑料袋"":""2"",""大码"":""2"",""大号"":""2""}",NULL,男性,白领,大学
100000,"{""个子不高"":""0.061456892980363394"",""品质生活"":""0.06145450462542018"",""悠闲生活"":""0.06128202290631546"",""追求舒适"":""0.06145697356902712"",""爱美"":""0.06145018946878964"",""新潮"":""0.061454951526191764"",""休闲风"":""0.06145697356902712"",""爱穿裙子"":""0.061212658045571994"",""追求性感"":""0.0614539551572584"",""时尚达人"":""0.061456914959089864""}","{""薄款"":""2"",""棕色"":""2"",""羊毛"":""3"",""发带"":""3"",""干湿"":""1"",""同款"":""3"",""雪地"":""3"",""台湾"":""2"",""鞋垫"":""3"",""滤镜"":""1"",""马丁"":""3"",""短裤"":""2"",""进口"":""1"",""眼线"":""2"",""休闲"":""3"",""生活"":""1"",""男女"":""3"",""^!防（自然）"":""2"",""社会"":""1"",""高中"":""3"",""肤色"":""1"",""升级"":""2"",""作品"":""1"",""入门"":""1"",""^!防（女性）"":""2"",""居家"":""1"",""篮球"":""3"",""透气"":""3"",""外穿"":""2"",""打底裤"":""2"",""正版"":""2"",""超越"":""1"",""防走光"":""2"",""不晕染"":""2"",""防水"":""2"",""大众"":""1"",""经典"":""1"",""^!运动装"":""3"",""发箍"":""3"",""苹果"":""1"",""代购"":""1"",""两用"":""1"",""韩国"":""3"",""说话"":""1"",""运动鞋"":""3"",""白色"":""2"",""原装"":""3"",""安卓"":""1"",""蕾丝"":""3"",""研究"":""1"",""法国"":""1"",""睫毛"":""2"",""保暖"":""3"",""洗脸"":""3"",""低帮"":""3"",""色彩"":""1"",""全棉"":""1"",""冬季"":""3"",""双眼皮"":""1"",""保险"":""2"",""户外"":""3"",""安全"":""2"",""人际"":""1"",""心理"":""1"",""解析"":""1"",""日本"":""1"",""大眼"":""2"",""隐形"":""1"",""花边"":""2"",""三分"":""2"",""^!取暖"":""3"",""加厚"":""4""}","[""设计服务"",""乳液_面霜"",""眼线"",""湿巾"",""裤子"",""个人洗护清洁用具"",""社会科学"",""其他美容工具"",""鞋包_皮带配件""]",女性,NULL,初中
60000,"{""爱自拍"":""0.10475720953366004"",""DIY"":""0.093410503439723"",""文具办公采购"":""0.07235387898613174"",""户外一族"":""0.11121051577014496"",""新潮"":""0.055672953679840556"",""游戏玩家"":""0.1118285712674611"",""关注口腔健康"":""0.09181035989334838""}","{""儿童"":""1"",""螺杆"":""1"",""防水"":""1"",""书包"":""1"",""GOPRO"":""8"",""保护壳"":""1"",""螺帽"":""1"",""^!自行车"":""1"",""潜水"":""1"",""固定"":""1"",""成人"":""1"",""6"":null,""全球"":""2"",""狂欢节"":""2"",""调节"":""1"",""HELLO"":""1"",""大号"":""1"",""自行车"":""1"",""转换"":""1"",""牙刷"":""1"",""手柄"":""1"",""KITTY"":""1"",""防尘"":""1"",""热血"":""1"",""^!防（卫生）"":""1"",""配件"":""8"",""自拍杆"":""2"",""软毛"":""1"",""单个"":""1"",""^!防（自然）"":""1"",""多功能"":""1"",""螺丝"":""2"",""REAL"":""1"",""双肩"":""1"",""相机"":""2"",""STAY"":""1"",""支架"":""2"",""手套"":""1"",""矫正"":""1"",""通用"":""1"",""背包"":""1"",""旋转"":""1"",""球拍"":""1"",""转接头"":""1"",""手臂"":""1"",""防震"":""1"",""HD"":""1"",""严迪"":""1""}","[""洗发沐浴_个人清洁"",""单反_单电相机配件"",""摄像机配件"",""T恤"",""数码相机配件""]",男性,教育,初中
100000,"{""品质生活"":""0.09111043634291781"",""DIY"":""0.0910030297949882"",""显瘦"":""0.08952783251961453"",""注重健康"":""0.09037700569620762"",""价格敏感"":""0.09110845960192042"",""家有宝贝"":""0.08895279639123091"",""追求健康"":""0.09084939791911961""}","{""儿童"":""2"",""小胸"":""3"",""小脚"":""1"",""无痕"":""2"",""内衣"":""3"",""^!简约"":""2"",""大小"":""1"",""耳环"":""1"",""袜子"":""1"",""长裤"":""1"",""黑色"":""2"",""深V"":""1"",""调整型"":""1"",""聚拢"":""3"",""进口"":""1"",""床垫"":""1"",""舒适"":""2"",""颈椎"":""2"",""休闲"":""1"",""运动"":""1"",""男女"":""2"",""枕芯"":""2"",""纯色"":""1"",""蜂蜜"":""1"",""一次性"":""2"",""荞麦"":""2"",""韩版"":""1"",""透气"":""2"",""超大"":""1"",""针织"":""1"",""个性"":""1"",""可爱"":""2"",""松紧腰"":""1"",""文胸"":""2"",""帽子"":""1"",""^!针织"":""1"",""^!胸妆"":""2"",""简约"":""2"",""性感"":""1"",""直径"":""1"",""欧美"":""1"",""宿舍"":""1"",""枕头"":""2"",""口罩"":""2"",""丝绒"":""1"",""^!女人"":""2"",""韩国"":""3"",""坚果"":""1"",""零食"":""1"",""耳饰"":""1"",""彩色"":""1"",""保暖"":""1"",""蛋糕"":""1"",""防尘"":""2"",""^!防（卫生）"":""2"",""冬季"":""3"",""学生"":""1"",""眼镜"":""1"",""少女"":""1"",""折叠"":""2"",""隐形"":""1"",""春秋"":""1"",""^!取暖"":""1"",""加厚"":""5""}","[""裤子"",""耳饰"",""短袜_打底袜_丝袜_美腿袜"",""文胸"",""山核桃_坚果_炒货"",""帽子"",""枕头_枕芯_保健枕_颈椎枕"",""防护用品"",""文胸套装"",""床垫_床褥_床护垫_榻榻米床垫""]",女性,公职,高中
100000,"{""个子不高"":""0.09304974473278663"",""休闲风"":""0.13859828723453196"",""价格敏感"":""0.16305083459139796"",""追求性感"":""0.17866894019703683"",""收藏"":""0.06591633554785462""}","{""休闲"":""2"",""原创"":""1"",""宽松"":""1"",""平底"":""1"",""T恤"":""1"",""短袖"":""1"",""女鞋"":""1"",""^!t恤"":""1"",""百搭"":""1"",""学生"":""1"",""小白鞋"":""1"",""韩版"":""1"",""条纹"":""1"",""小衫"":""1"",""板鞋"":""1""}","[""T恤"",""帆布鞋""]",男性,教育,高中
100000,"{""宠物控"":""0.18052158"",""狗主人"":""0.14131027"",""精致生活"":""0.18033808""}","{""宠物"":""3"",""宠宠熊"":""1"",""驱虫"":""1"",""德国"":""1"",""MR"":""1"",""泰迪"":""1"",""BEAR"":""1"",""背带"":""1"",""小型犬"":""1"",""针管"":""1"",""狗狗"":""3""}",NULL,男性,NULL,初中
100000,"{""旅行达人"":""0.11138984559441938"",""商业采购"":""0.11747051139004504"",""价格敏感"":""0.10246594686265892"",""注重健康"":""0.11845760630095302"",""爱读书"":""0.11684410148678376"",""时尚达人"":""0.11716270989260073""}","{""青年"":""1"",""棕色"":""1"",""^!针织"":""1"",""直径"":""1"",""男装"":""1"",""V领"":""1"",""中长款"":""1"",""1"":null,""^!舒适（棉麻）"":""1"",""外套"":""1"",""针织衫"":""1"",""女装"":""1"",""立领"":""1"",""休闲"":""1"",""女孩"":""1"",""修身"":""1"",""美乐"":""1"",""近视"":""1"",""超薄"":""1"",""破洞"":""1"",""纯棉"":""1"",""长袖"":""1"",""夹克"":""1"",""韩版"":""1"",""条纹"":""1"",""眼镜"":""1"",""大眼"":""1"",""隐形"":""1"",""大码"":""1"",""^!男人"":""1"",""春秋季"":""1"",""套头"":""1""}","[""衬衫"",""毛针织衫"",""夹克""]",女性,NULL,高中
60000,"{""有车族"":""0.10301086623344909"",""工业采购"":""0.12026458816239097"",""懒人"":""0.10700442533634706"",""爱读书"":""0.11946488353656515"",""iPhone"":""0.12902793270119794"",""爱护手机"":""0.12008859016362648""}","{""儿童"":""2"",""^!手机"":""1"",""礼物"":""2"",""益智"":""2"",""磨砂"":""1"",""手机壳"":""1"",""新年"":""2"",""苹果"":""1"",""DIY"":""2"",""全包"":""1"",""^!防（安全）"":""1"",""硬壳"":""1"",""女孩"":""2"",""修身"":""1"",""小包"":""1"",""男女"":""1"",""指环"":""1"",""IPHONE"":""1"",""保护套"":""1"",""手工"":""2"",""防摔"":""1"",""支架"":""1"",""养生茶"":""1"",""花草茶"":""1"",""玩具"":""2"",""6PLUS"":""1"",""串珠"":""2""}",NULL,女性,白领,初中
100000,"{""爱美"":""0.140614844362696"",""家居生活"":""0.1487660919220146"",""油性皮肤"":""0.13570919724384808"",""注重健康"":""0.21906687024832402""}","{""驱蚊"":""1"",""止痒"":""1"",""16"":null,""隆力奇"":""1"",""^!防（舒适）"":""1"",""花露水"":""1"",""喷雾"":""1"",""防蚊"":""1""}","[""猫_狗日用品"",""猫_狗玩具"",""狗零食"",""猫_狗美容清洁用品"",""猫_狗保健品"",""洗发沐浴_个人清洁""]",男性,NULL,大学
60000,"{""商务"":""0.07826793053361614"",""崇尚自然"":""0.11366621745557763"",""工业采购"":""0.07719483370342016"",""关注儿童阅读"":""0.13987677129825427"",""零食控"":""0.06893874137323018"",""家居生活"":""0.10310549762692493"",""重口味"":""0.06893874137323018""}","{""衣服"":""1"",""牛皮"":""1"",""裤带"":""1"",""青少年"":""1"",""皮带"":""1"",""T恤"":""1"",""圆领"":""1"",""腰带"":""1"",""短袖"":""1"",""中年"":""1"",""^!t恤"":""1"",""百搭"":""1"",""纯棉"":""1"",""^!少年"":""1"",""男士"":""2"",""^!舒适（棉麻）"":""1"",""商务"":""1"",""印花"":""1"",""黑色"":""1"",""^!男人"":""2"",""真皮"":""1""}","[""T恤"",""腰带_皮带_腰链""]",男性,白领,大学
100000,"{""关注儿童阅读"":""0.17644840156894678"",""文化人"":""0.18670284322828115"",""爱读书"":""0.187823613059858"",""家有宝贝"":""0.1543468500454729""}","{""正版"":""1"",""思维"":""1"",""训练"":""1"",""入门"":""1"",""逻辑"":""1"",""系列"":""1"",""简易"":""1"",""新华"":""1"",""书店"":""1"",""书籍"":""1""}","[""自我实现_励志""]",女性,白领,初中
100000,"{""追剧"":""0.0575698483710591"",""美食达人"":""0.1497673713758174"",""休闲风"":""0.14923142223744576"",""零食控"":""0.14754446494051798"",""懒人"":""0.0575698483710591"",""价格敏感"":""0.14810660845799345"",""低头族"":""0.0575698483710591""}","{""休闲"":""1"",""潮鞋"":""1"",""防滑"":""1"",""^!防（安全）"":""1"",""男鞋"":""1"",""透气"":""1"",""老北京"":""1"",""板鞋"":""1"",""^!男人"":""1"",""学生"":""1"",""男士"":""1"",""厚底"":""1""}","[""帆布鞋""]",男性,个体,初中
60000,"{""二次元"":""0.08696279093279254"",""宠物控"":""0.08819475696583821"",""爱美"":""0.0881981004282978"",""商业采购"":""0.0881981004282978"",""价格敏感"":""0.0881981004282978"",""追求性感"":""0.088107332782343"",""收藏"":""0.08619657027177076""}","{""薄款"":""1"",""定制"":""1"",""丸子"":""4"",""星星"":""3"",""杂志"":""1"",""MOSCATO"":""2"",""卡托"":""2"",""螺纹"":""1"",""开衫"":""1"",""长裤"":""1"",""外套"":""6"",""预售"":""1"",""弹性"":""1"",""超级"":""1"",""进口"":""2"",""胸花"":""11"",""大白"":""2"",""亚克力"":""16"",""饰品"":""2"",""休闲"":""2"",""运动"":""6"",""独家"":""1"",""蓝色"":""2"",""剪刀"":""2"",""宝石"":""1"",""梦幻"":""1"",""发绳"":""4"",""THE"":""1"",""金色"":""1"",""详情"":""2"",""可爱"":""17"",""^!弹性"":""1"",""背心"":""1"",""葡萄酒"":""2"",""宽松"":""2"",""^!胸妆"":""2"",""别针"":""10"",""LU"":""2"",""连衣裙"":""2"",""圆盘"":""1"",""1"":null,""樱桃"":""4"",""眼罩"":""2"",""TEE"":""1"",""宠物"":""2"",""韩国"":""17"",""贴身"":""1"",""^!女人"":""4"",""时尚"":""2"",""超轻"":""2"",""蕾丝"":""3"",""滴油"":""2"",""卡通"":""17"",""速干"":""4"",""公主"":""1"",""原宿"":""8"",""牛仔"":""1"",""瑜伽"":""2"",""跑步"":""5"",""短袖"":""4"",""口袋"":""1"",""不退换"":""10"",""胸针"":""17"",""^!甜食"":""1"",""衬衫"":""3"",""糖果"":""1"",""健身"":""5"",""气质"":""1"",""白雪"":""1"",""^!饰（个人）"":""11""}","[""运动内衣"",""胸针"",""睡裙"",""T恤"",""衬衫"",""连衣裙"",""运动T恤"",""吊带_背心_T恤"",""防护用品"",""葡萄酒"",""运动裤"",""发饰""]",女性,个体,初中
100000,"{""DIY"":""0.1502683556981541"",""崇尚自然"":""0.17968798168512512"",""宠物控"":""0.18328990716284063"",""注重健康"":""0.13540782061929796""}","{""营养"":""1"",""宠物"":""1"",""主粮"":""1"",""^!天然"":""1"",""天然"":""1"",""猫粮"":""1"",""粮食"":""1""}",NULL,女性,NULL,初中
60000,"{""商务"":""0.20257394"",""工业采购"":""0.38354605""}","{""休闲"":""4"",""牛皮"":""4"",""OP"":""2"",""拼色"":""1"",""原创"":""1"",""复古"":""2"",""^!针织"":""1"",""独立"":""1"",""M2016S"":""2"",""镂空"":""1"",""方便"":""1"",""亲子"":""5"",""衬衫"":""1"",""^!舒爽"":""1"",""脚蹬"":""1"",""AS"":""2"",""针织"":""1"",""板鞋"":""4"",""新品"":""1"",""花边"":""1"",""气质"":""1"",""双十"":""1"",""舒适"":""1"",""拼接"":""1""}",NULL,女性,NULL,大学
100000,"{""宠物控"":""0.35107553"",""爱美"":""0.17956573""}","{""营养"":""1"",""宠物"":""1"",""去毛球"":""1"",""全球"":""1"",""狂欢节"":""1"",""猫咪"":""1""}",NULL,男性,NULL,初中
100000,"{""显瘦"":""0.11481813063885384"",""追求性感"":""0.1430053194271037"",""精致生活"":""0.11188791658552395"",""家有宝贝"":""0.14312658772599937"",""收藏"":""0.11947617268492608""}","{""儿童"":""4"",""防油"":""1"",""阔腿"":""1"",""圆领"":""3"",""打底衫"":""2"",""小学生"":""1"",""短裤"":""2"",""毛边"":""1"",""牛仔裤"":""1"",""厨房"":""3"",""铅笔"":""1"",""^!瘦身"":""1"",""原木"":""1"",""餐桌"":""1"",""休闲"":""1"",""女童"":""1"",""上衣"":""3"",""破洞"":""1"",""^!防（自然）"":""1"",""裤子"":""2"",""^!t恤"":""3"",""纯色"":""2"",""百搭"":""1"",""纯棉"":""1"",""童装"":""3"",""浴室"":""3"",""韩版"":""3"",""外穿"":""1"",""^!阔腿"":""1"",""个性"":""1"",""HB"":""1"",""置物架"":""3"",""防水"":""1"",""宽松"":""1"",""多省"":""1"",""水果"":""3"",""字母"":""1"",""蔬菜"":""3"",""^!舒适（棉麻）"":""1"",""^!童装"":""3"",""^!女人"":""2"",""显瘦"":""1"",""PVC"":""1"",""宝宝"":""3"",""拼色"":""1"",""T恤"":""3"",""短袖"":""3"",""化妆品"":""3"",""绘画"":""1"",""学生"":""1"",""塑料"":""3"",""印花"":""1""}","[""裤子"",""T恤"",""餐桌布艺"",""牛仔裤"",""厨用小工具_厨房储物"",""笔类_书写工具""]",女性,NULL,高中
100000,"{""美容保养"":""0.12092864851347684"",""白领"":""0.10920182255785761"",""崇尚自然"":""0.12078502850993984"",""厨房能手"":""0.08738119128915525"",""工业采购"":""0.08484234746916372"",""注重健康"":""0.11873671155641814""}","{""洗面奶"":""1"",""经典"":""1"",""无痕"":""1"",""内裤"":""1"",""滋润"":""1"",""维生素"":""1"",""护肤品"":""3"",""夹子"":""1"",""^!舒适（棉麻）"":""1"",""^!防（健康）"":""1"",""身体"":""1"",""补水"":""3"",""^!女人"":""1"",""食品"":""1"",""面霜"":""1"",""面料"":""1"",""白色"":""1"",""全身"":""1"",""控油"":""1"",""安安"":""1"",""去黑头"":""1"",""防辐射"":""1"",""大号"":""1"",""舒适"":""1"",""毛孔"":""1"",""止痒"":""1"",""淡斑"":""1"",""^!天然"":""1"",""爽肤水"":""2"",""天然"":""1"",""烧烤"":""1"",""冰丝"":""1"",""纯棉"":""1"",""晚霜"":""1"",""国货"":""2"",""竹炭"":""1"",""^!舒爽"":""2"",""胖子"":""1"",""透气"":""1"",""七子"":""1"",""配方"":""1"",""保湿"":""3"",""不锈钢"":""1"",""乳液"":""2"",""一片"":""1"",""大码"":""1"",""加厚"":""1""}",NULL,女性,个体,初中
100000,"{""旅行达人"":""0.08985594354952568"",""手机壳"":""0.09002196236922"",""显瘦"":""0.08939674769654588"",""爱读书"":""0.0888633078024112"",""追求性感"":""0.09002572930452578"",""iPhone"":""0.08771366275750894"",""爱护手机"":""0.09002662006130749""}","{""丝袜"":""1"",""温和"":""1"",""定制"":""3"",""^!简约"":""8"",""三件套"":""1"",""^!瘦身"":""3"",""立领"":""2"",""饰品"":""6"",""休闲"":""1"",""弹力"":""1"",""林珊珊"":""7"",""精致"":""1"",""韩版"":""4"",""减龄"":""1"",""个性"":""6"",""无袖"":""2"",""毛衣"":""2"",""编织"":""2"",""洗面奶"":""1"",""^!手机"":""3"",""豆豆"":""4"",""背心"":""1"",""裤带"":""1"",""宽松"":""3"",""温暖"":""3"",""简约"":""8"",""腰带"":""1"",""手机壳"":""3"",""连衣裙"":""1"",""中长款"":""3"",""苹果"":""3"",""^!女人"":""11"",""品质"":""1"",""5"":null,""流苏"":""1"",""控油"":""1"",""神器"":""1"",""不对称"":""2"",""时髦"":""1"",""两色"":""2"",""卫衣"":""3"",""雪纺"":""1"",""T恤"":""1"",""三色"":""3"",""创意"":""1"",""印花"":""2"",""芒果"":""1"",""文艺"":""1"",""硅胶"":""3"",""卸妆水"":""1"",""一盒"":""1"",""套头"":""2"",""软壳"":""3"",""棕色"":""1"",""复古"":""3"",""耳环"":""6"",""氨基酸"":""1"",""外套"":""2"",""黑色"":""1"",""女装"":""1"",""打底袜"":""1"",""短裤"":""2"",""毛边"":""1"",""日韩"":""1"",""舒适"":""1"",""粉刺"":""1"",""MAX"":""1"",""图案"":""1"",""吊带"":""1"",""^!t恤"":""1"",""百搭"":""14"",""女款"":""3"",""^!舒爽"":""1"",""顺丰"":""1"",""解酒"":""1"",""保湿"":""1"",""女士"":""2"",""6PLUS"":""2"",""项链"":""1"",""字母"":""1"",""裙子"":""1"",""拉链"":""1"",""^!防（健康）"":""4"",""代购"":""2"",""防过敏"":""4"",""韩国"":""9"",""连帽"":""3"",""时尚"":""6"",""贴布"":""3"",""显瘦"":""3"",""法国"":""2"",""牛仔"":""1"",""耳钉"":""6"",""冬季"":""2"",""爽肤水"":""1"",""IPHONE"":""3"",""长靴"":""1"",""加绒"":""3"",""学生"":""2"",""瘦腿"":""1"",""官方"":""1"",""气质"":""6"",""^!饰（个人）"":""6""}","[""裤子"",""牛仔裤"",""腰带_皮带_腰链"",""手机配件"",""蕾丝衫_雪纺衫"",""糖果零食_果冻_布丁"",""项链"",""T恤"",""洁面"",""短袜_打底袜_丝袜_美腿袜"",""靴子"",""化妆水_爽肤水"",""毛衣"",""连衣裙"",""卫衣_绒衫"",""耳饰""]",女性,大学,高中
100000,"{""品质生活"":""0.08593147602817353"",""崇尚自然"":""0.08593146578434332"",""厨房能手"":""0.0859219902414015"",""工业采购"":""0.08593147602817353"",""简约风"":""0.08051273570040055"",""零食控"":""0.0755920401534796"",""家务控"":""0.08592928384850915"",""关注口腔健康"":""0.0856993969329105""}","{""儿童"":""1"",""透明"":""1"",""刷子"":""1"",""^!简约"":""5"",""欧式"":""3"",""牙刷杯"":""1"",""环保"":""1"",""点断"":""1"",""油炸"":""3"",""垃圾袋"":""2"",""特大号"":""5"",""^!防（安全）"":""3"",""黑色"":""1"",""微型"":""3"",""^!刷牙"":""1"",""塑料袋"":""1"",""绿萝"":""4"",""小花盆"":""4"",""洗漱"":""1"",""厨房"":""6"",""五谷杂粮"":""3"",""香皂盒"":""3"",""漱口杯"":""1"",""调料"":""1"",""陶瓷"":""4"",""餐桌"":""1"",""可折叠"":""1"",""削皮"":""1"",""小麦"":""1"",""一次性"":""2"",""牙缸"":""1"",""尖头"":""3"",""浴室"":""3"",""居家"":""1"",""小型"":""3"",""简易"":""3"",""个性"":""3"",""杯子"":""1"",""袖珍"":""3"",""置物架"":""3"",""庭装"":""3"",""卷装"":""2"",""工具"":""1"",""家用"":""9"",""缝纫机"":""3"",""简约"":""5"",""卫生间"":""3"",""耐高温"":""1"",""花盆"":""4"",""烘焙"":""1"",""水培"":""4"",""便携式"":""3"",""室内"":""4"",""手持"":""3"",""刷牙"":""1"",""韩国"":""3"",""水杯"":""1"",""食品"":""4"",""迷你"":""3"",""时尚"":""3"",""神器"":""1"",""彩色"":""1"",""大号"":""2"",""家居"":""2"",""沥水"":""3"",""餐具"":""3"",""多肉"":""4"",""防尘"":""1"",""^!防（卫生）"":""1"",""带盖"":""3"",""收纳盒"":""1"",""圆形"":""7"",""手工"":""3"",""多功能"":""4"",""烧烤"":""1"",""情侣"":""1"",""收纳"":""3"",""塑料"":""6"",""创意"":""4"",""筷子"":""3"",""切菜"":""1"",""防滑"":""3"",""中号"":""1"",""日本"":""3"",""不锈钢"":""7"",""手动"":""3"",""不掉"":""1"",""刨丝器"":""1"",""硅胶"":""1"",""树脂"":""4"",""加厚"":""2""}","[""花瓶_花器_花盆_花架（新）"",""餐具"",""卫浴用具_卫浴配件"",""家务_地板清洁用具"",""家庭防尘用具"",""厨用小工具_厨房储物"",""缝纫DIY材料、工具及成品"",""烧烤_烘焙用具""]",女性,白领,大学
100000,"{""美食达人"":""0.18937456275971082"",""零食控"":""0.18937456275971082"",""注重健康"":""0.1864209806910838"",""重口味"":""0.18937456275971082""}","{""新货"":""4"",""原味"":""4"",""特产"":""1"",""核桃"":""1"",""新疆"":""4"",""^!特产"":""1"",""零食"":""3"",""孕妇"":""3"",""核桃仁"":""1"",""散装"":""4"",""手剥"":""4""}",NULL,女性,教育,高中
100000,"{""美食达人"":""0.08843473233780505"",""有车族"":""0.08649697344905026"",""宠物控"":""0.08843472179556344"",""游戏玩家"":""0.08578719067681038"",""零食控"":""0.08843469016883859"",""狗主人"":""0.08843465854211376"",""重口味"":""0.08829845278046601""}","{""拖鞋"":""4"",""四季"":""1"",""凉鞋"":""1"",""大礼包"":""1"",""礼物"":""1"",""王子"":""1"",""高跟鞋"":""1"",""金毛"":""1"",""宠物"":""1"",""^!女人"":""2"",""一箱"":""1"",""大型犬"":""1"",""薯片"":""1"",""^!防（安全）"":""4"",""零食"":""1"",""保暖"":""4"",""鞋子"":""1"",""休闲"":""1"",""女友"":""1"",""零食品"":""1"",""冬季"":""4"",""细跟"":""1"",""单鞋"":""1"",""百搭"":""1"",""吃货"":""1"",""情侣"":""4"",""小吃"":""2"",""尖头"":""1"",""垫子"":""1"",""韩版"":""1"",""防滑"":""4"",""居家"":""4"",""包装"":""1"",""通用"":""1"",""小型"":""1"",""美味"":""1"",""泰迪"":""1"",""可爱"":""4"",""中跟"":""1"",""良品"":""1"",""耐咬"":""1"",""^!男人"":""4"",""狗狗"":""1"",""生日"":""1"",""^!取暖"":""4"",""铺子"":""1""}",NULL,女性,大学,高中
100000,"{""游戏玩家"":""0.31071493"",""时尚达人"":""0.18065412""}","{""拉链"":""1"",""拉锁"":""1"",""书包"":""1"",""^!被子"":""1"",""沙发"":""1"",""被子"":""1"",""尼龙"":""1"",""双面"":""1"",""包包"":""1""}",NULL,男性,NULL,初中
100000,"{""文具控"":""0.2786507751549994"",""文艺控"":""0.3771526258663218""}","{""笔记本"":""1"",""原装"":""1"",""THINKPAD"":""1"",""单肩"":""1"",""联想"":""1""}",NULL,男性,NULL,初中
100000,"{""厨房能手"":""0.13146020814354867"",""有房的壕"":""0.12219915485315876"",""追求性感"":""0.15639329685396686"",""收藏"":""0.1409910529816448"",""有点胖"":""0.07942399907730643""}","{""荷叶"":""1"",""星星"":""1"",""复古"":""2"",""凉席"":""1"",""^!简约"":""5"",""开门"":""1"",""耳环"":""5"",""V领"":""2"",""开衫"":""1"",""黑色"":""1"",""日韩"":""1"",""收腰"":""1"",""^!瘦身"":""2"",""饰品"":""4"",""汇舒"":""1"",""休闲"":""1"",""翻领"":""1"",""修身"":""2"",""上衣"":""1"",""吊带"":""1"",""双面"":""1"",""^!t恤"":""1"",""百搭"":""1"",""纯色"":""1"",""支架"":""1"",""长袖"":""1"",""精品"":""1"",""韩版"":""3"",""条纹"":""1"",""针织"":""1"",""单人"":""2"",""女士"":""2"",""清新"":""1"",""个性"":""3"",""席子"":""1"",""可爱"":""1"",""^!男人"":""1"",""豆豆"":""2"",""经典"":""1"",""背心"":""1"",""家用"":""1"",""短款"":""1"",""宽松"":""1"",""^!针织"":""2"",""简约"":""5"",""双人"":""1"",""欧美"":""1"",""女鞋"":""1"",""宿舍"":""1"",""耳坠"":""1"",""连衣裙"":""2"",""丝绒"":""1"",""拉链"":""1"",""^!防（健康）"":""1"",""防过敏"":""1"",""^!女人"":""9"",""韩国"":""3"",""针织衫"":""1"",""迷你"":""1"",""时尚"":""1"",""耳饰"":""2"",""显瘦"":""2"",""雪纺"":""1"",""粗跟"":""1"",""耳钉"":""5"",""T恤"":""1"",""单鞋"":""1"",""自制"":""1"",""短袖"":""1"",""浅口"":""1"",""交叉"":""1"",""冰丝"":""1"",""情侣"":""1"",""开叉"":""1"",""学生"":""2"",""男士"":""1"",""三角"":""1"",""POLO"":""1"",""贝壳"":""1"",""甜美"":""1"",""新品"":""1"",""中跟"":""1"",""折叠"":""1"",""气质"":""5"",""春秋"":""1"",""^!饰（个人）"":""4"",""套头"":""1""}","[""T恤"",""耳饰"",""蚊帐"",""毛衣"",""凉席_竹席_藤席_草席_牛皮席"",""连衣裙"",""低帮鞋""]",女性,NULL,初中
100000,"{""个子不高"":""0.24437478"",""休闲风"":""0.29030243""}","{""休闲"":""1"",""经典"":""1"",""复古"":""1"",""^!运动装"":""1"",""男鞋"":""1"",""系列"":""1"",""跑步"":""1"",""BALANCE"":""1"",""NB"":""1"",""运动鞋"":""1"",""全球"":""1"",""狂欢节"":""1"",""NEW"":""1""}",NULL,女性,NULL,初中
100000,"{""美食达人"":""0.204909253290612"",""零食控"":""0.20476059004212946"",""重口味"":""0.20489244745509508""}","{""膨化"":""1"",""特产"":""1"",""大礼包"":""2"",""童年"":""1"",""^!特产"":""1"",""零食"":""2"",""狂欢"":""1"",""小吃"":""1"",""好吃"":""1""}","[""饼干_膨化""]",女性,NULL,初中
100000,"{""厨房能手"":""0.3986826"",""收藏"":""0.16448806""}","{""秋冬"":""1"",""女包"":""1"",""小包"":""1"",""韩版"":""1"",""迷你"":""1"",""手提"":""1"",""时尚"":""1"",""小方包"":""1"",""斜挎"":""1"",""百搭"":""1"",""单肩"":""1""}",NULL,男性,NULL,初中
100000,"{""新潮"":""0.16453992849826032"",""爱美"":""0.18654493017983467"",""精致生活"":""0.1829403779795741"",""时尚达人"":""0.14192634222928247""}","{""睫毛膏"":""1"",""加长"":""1"",""不晕染"":""1"",""防水"":""1"",""^!防（自然）"":""1"",""加密"":""1"",""纤长"":""1"",""浓密"":""1"",""卷翘"":""1""}","[""睫毛膏_睫毛增长液""]",女性,NULL,初中
100000,"{""注重健康"":""0.20425080110548183"",""追求性感"":""0.23339220836312793"",""爱读书"":""0.23339462894914675""}","{""秋冬"":""3"",""雪纺"":""1"",""限时"":""1"",""宽松"":""3"",""A字"":""1"",""圆领"":""2"",""短裙"":""1"",""百搭"":""2"",""V领"":""1"",""连衣裙"":""1"",""学生"":""2"",""中长款"":""3"",""高领"":""1"",""^!女人"":""3"",""外套"":""3"",""韩版"":""3"",""橘色"":""1"",""女装"":""1"",""白色"":""2"",""显瘦"":""1"",""^!瘦身"":""1"",""毛衣"":""3"",""套头"":""3"",""加厚"":""1""}","[""连衣裙"",""毛衣""]",男性,NULL,高中
100000,"{""痘痘宿主"":""1.0""}","{""黑头"":""1"",""粉刺"":""1""}",NULL,女性,白领,大学
100000,"{""商务"":""0.05641793489003193"",""旅行达人"":""0.05532456937374314"",""工业采购"":""0.11863651677617323"",""休闲风"":""0.08817613149498116"",""显瘦"":""0.15554311320134387"",""追求性感"":""0.11028594576474704"",""酸党"":""0.06002250712396511""}","{""复古"":""4"",""家具"":""1"",""^!简约"":""4"",""大小"":""3"",""格子"":""1"",""同款"":""4"",""耳环"":""4"",""学院"":""1"",""短裤"":""1"",""毛边"":""1"",""壁纸"":""1"",""^!瘦身"":""1"",""链条"":""1"",""贴纸"":""1"",""翻领"":""1"",""灰色"":""1"",""纯色"":""1"",""百搭"":""3"",""长袖"":""1"",""尖头"":""1"",""装饰"":""1"",""墙贴"":""1"",""墙纸"":""1"",""经典"":""1"",""凉鞋"":""1"",""简约"":""4"",""皮鞋"":""1"",""PU"":""1"",""衬衣"":""1"",""欧美"":""4"",""明星"":""1"",""宿舍"":""1"",""大学"":""1"",""绒面"":""1"",""^!女人"":""3"",""韩国"":""1"",""神器"":""1"",""显瘦"":""1"",""PVC"":""1"",""牛仔"":""1"",""耳钉"":""1"",""单鞋"":""1"",""自制"":""1"",""浅口"":""1"",""学生"":""1"",""衬衫"":""1"",""不规则"":""1"",""高腰"":""1"",""气质"":""2"",""^!饰（个人）"":""1"",""加厚"":""1""}","[""耳饰"",""衬衫"",""贴饰"",""牛仔裤"",""低帮鞋""]",女性,大学,高中
60000,"{""美食达人"":""0.33756575"",""重口味"":""0.33756575""}","{""新货"":""1"",""^!麻辣"":""1"",""豆干"":""1"",""麻辣"":""1"",""小面筋"":""1"",""熟食"":""1""}",NULL,男性,NULL,高中
100000,"{""崇尚自然"":""0.196837959387347"",""家居生活"":""0.19684213623054306"",""商业采购"":""0.19684197197266454"",""家有宝贝"":""0.19684213623054306""}","{""儿童"":""10"",""背心"":""7"",""衣服"":""7"",""宝宝"":""7"",""男女"":""7"",""上衣"":""3"",""纯棉"":""7"",""马甲"":""7"",""童装"":""3"",""开衫"":""7"",""夹克"":""3"",""^!舒适（棉麻）"":""7"",""双层"":""7"",""男童"":""3"",""^!童装"":""3"",""韩版"":""3"",""外套"":""3"",""婴儿"":""7"",""春秋"":""7"",""春秋季"":""3""}","[""马甲"",""外套_夹克_大衣""]",女性,NULL,高中
100000,"{""美食达人"":""0.07701957739544192"",""崇尚自然"":""0.07702267166809743"",""二次元"":""0.07640296781883435"",""休闲风"":""0.0769194588523095"",""零食控"":""0.07237763127583353"",""价格敏感"":""0.07660958626858753"",""爱读书"":""0.07198113283048438"",""追求性感"":""0.07701806239547705""}","{""果树"":""5"",""青年"":""2"",""富士"":""1"",""无核"":""1"",""宽松"":""2"",""老北京"":""2"",""地栽"":""2"",""直筒"":""2"",""柚子"":""1"",""苗木"":""1"",""苹果"":""1"",""樱桃"":""1"",""树苗"":""12"",""^!防（安全）"":""2"",""南方"":""5"",""牛仔裤"":""2"",""结果"":""6"",""板鞋"":""2"",""北方"":""5"",""秋冬"":""2"",""种植"":""5"",""休闲"":""4"",""男鞋"":""2"",""盆栽"":""6"",""嫁接"":""7"",""庭院"":""1"",""裤子"":""2"",""加绒"":""2"",""红心"":""1"",""学生"":""2"",""男士"":""4"",""厚底"":""2"",""葡萄"":""1"",""大红"":""1"",""潮鞋"":""2"",""防滑"":""2"",""透气"":""2"",""核桃"":""1"",""日本"":""1"",""红肉"":""3"",""石榴"":""1"",""大码"":""2"",""^!男人"":""4"",""加厚"":""2""}",NULL,男性,NULL,大学
100000,"{""显瘦"":""0.39013875983692614"",""初为人父母"":""0.12077922930158964"",""收藏"":""0.1611898467600869""}","{""薄款"":""2"",""四季"":""2"",""^!防（卫生）"":""2"",""修身"":""1"",""防臭"":""2"",""夏款"":""1"",""浅口"":""2"",""连衣裙"":""1"",""纯棉"":""2"",""男士"":""2"",""短袜"":""2"",""男袜"":""2"",""袜子"":""2"",""^!舒适（棉麻）"":""2"",""^!女人"":""1"",""印花"":""1"",""韩版"":""1"",""时尚"":""1"",""无袖"":""1"",""显瘦"":""1"",""^!瘦身"":""1"",""船袜"":""2"",""^!男人"":""2"",""低帮"":""2""}","[""短袜_打底袜_丝袜_美腿袜"",""连衣裙""]",男性,NULL,初中
